name,symbol,current_price,market_cap,total_volume,price_change_percentage_24h,date
Bitcoin,btc,70572.0,1411855777140,32216964351.0,-0.00014,2026-03-21
Ethereum,eth,2154.61,260079062507,13034629053.0,0.2767,2026-03-21
Tether,usdt,0.999804,184146960786,50654454382.0,-0.0178,2026-03-21
XRP,xrp,1.44,88328103878,1612416085.0,-0.71674,2026-03-21
BNB,bnb,642.74,87632823003,793657075.0,-0.06915,2026-03-21
USDC,usdc,0.999869,79035931314,6740599721.0,-0.00713,2026-03-21
Solana,sol,89.99,51447066429,2445699149.0,1.06902,2026-03-21
TRON,trx,0.309554,29331695324,556244461.0,0.68027,2026-03-21
Figure Heloc,figr_heloc,1.003,15889689398,330310642.0,0.12024,2026-03-21
Dogecoin,doge,0.094032,14431955806,577668661.0,-0.31784,2026-03-21
WhiteBIT Coin,wbt,55.26,11793703988,54563953.0,0.08977,2026-03-21
USDS,usds,0.99992,11761263687,11468102.0,-0.00428,2026-03-21
Cardano,ada,0.264271,9736856263,302113545.0,-1.79902,2026-03-21
Hyperliquid,hype,39.66,9454847665,245256561.0,-0.01378,2026-03-21
Bitcoin Cash,bch,468.5,9374057320,180206278.0,1.24709,2026-03-21
LEO Token,leo,9.22,8489590347,430309.0,0.50046,2026-03-21
Chainlink,link,9.1,6446821548,289214600.0,-0.05308,2026-03-21
Monero,xmr,348.48,6430003414,76237318.0,1.1022,2026-03-21
Ethena USDe,usde,0.999722,5922971976,104605713.0,-0.0144,2026-03-21
Canton,cc,0.147413,5614677605,6466677.0,2.94823,2026-03-21
Stellar,xlm,0.165137,5451549982,70934358.0,-1.12585,2026-03-21
USD1,usd1,0.999747,4424460730,1060381882.0,0.03498,2026-03-21
Litecoin,ltc,56.16,4322370088,285256240.0,0.89473,2026-03-21
Dai,dai,0.999888,4315447797,160118932.0,-0.0092,2026-03-21
Rain,rain,0.00869548,4157278939,12855053.0,-0.82154,2026-03-21
Avalanche,avax,9.51,4104102425,233589410.0,-0.2544,2026-03-21
PayPal USD,pyusd,0.999894,4072465096,80510965.0,0.01338,2026-03-21
Hedera,hbar,0.092543,4006454026,46734487.0,-1.17867,2026-03-21
Zcash,zec,234.22,3890863093,294047399.0,-0.37621,2026-03-21
Sui,sui,0.962067,3751588124,243291513.0,-1.07581,2026-03-21
Shiba Inu,shib,5.99e-06,3532316639,157229941.0,-0.28839,2026-03-21
Cronos,cro,0.074877,3166447979,8244441.0,-0.94003,2026-03-21
Toncoin,ton,1.26,3106661221,103448795.0,1.86009,2026-03-21
MemeCore,m,1.62,2841344188,8061282.0,-0.44185,2026-03-21
World Liberty Financial,wlfi,0.094004,2600361777,82069836.0,4.19192,2026-03-21
Bittensor,tao,270.54,2594570353,331697185.0,-5.59638,2026-03-21
Tether Gold,xaut,4493.99,2537224970,674056104.0,-3.52398,2026-03-21
Polkadot,dot,1.49,2500640857,136066956.0,-2.52725,2026-03-21
Mantle,mnt,0.753017,2468383592,25845752.0,-0.69012,2026-03-21
Circle USYC,usyc,1.12,2450906535,111880.0,0.01821,2026-03-21
Uniswap,uni,3.59,2276973785,151623408.0,-0.586,2026-03-21
PAX Gold,paxg,4508.85,2266940174,418260503.0,-3.30033,2026-03-21
BlackRock USD Institutional Digital Liquidity Fund,buidl,1.0,2012853986,0.0,0.0,2026-03-21
Pi Network,pi,0.199149,1953948326,41218836.0,5.20667,2026-03-21
OKB,okb,88.32,1854569746,12820991.0,-0.52019,2026-03-21
Global Dollar,usdg,0.999876,1775657069,22463887.0,0.00606,2026-03-21
Falcon USD,usdf,0.997542,1748388447,1254002.0,-0.04671,2026-03-21
Aster,aster,0.691314,1698166317,132266855.0,0.7186,2026-03-21
Sky,sky,0.073578,1697551350,10844915.0,1.92728,2026-03-21
NEAR Protocol,near,1.31,1693038338,122268682.0,-2.21726,2026-03-21
Bitcoin,btc,70571.0,1411626869746,32202901513.0,-0.00175,2026-03-21
Ethereum,eth,2154.5,260030298350,13133777528.0,0.27151,2026-03-21
Tether,usdt,0.999799,184145362244,50642655272.0,-0.01826,2026-03-21
XRP,xrp,1.44,88335955360,1611955256.0,-0.71825,2026-03-21
BNB,bnb,642.74,87643118045,791037548.0,-0.06828,2026-03-21
USDC,usdc,0.999872,79035931314,6930976649.0,-0.00681,2026-03-21
Solana,sol,89.99,51447066429,2444859337.0,0.76513,2026-03-21
TRON,trx,0.309611,29331695324,536236954.0,0.75405,2026-03-21
Figure Heloc,figr_heloc,1.003,15889689398,330310642.0,0.12024,2026-03-21
Dogecoin,doge,0.094033,14433897337,577389820.0,-0.31695,2026-03-21
WhiteBIT Coin,wbt,55.26,11793703988,54553115.0,0.04878,2026-03-21
USDS,usds,0.99992,11761263687,11467608.0,-0.00434,2026-03-21
Cardano,ada,0.26426,9737156929,302108331.0,-1.80327,2026-03-21
Hyperliquid,hype,39.65,9454847665,245226061.0,-0.0287,2026-03-21
Bitcoin Cash,bch,468.53,9375482091,180073472.0,1.10606,2026-03-21
LEO Token,leo,9.22,8489590347,430307.0,0.50674,2026-03-21
Chainlink,link,9.1,6446821548,289212367.0,-0.10391,2026-03-21
Monero,xmr,348.52,6429046176,76267576.0,0.91312,2026-03-21
Ethena USDe,usde,0.999792,5922338966,104721612.0,-0.00746,2026-03-21
Canton,cc,0.147398,5614677605,6465771.0,2.93762,2026-03-21
Stellar,xlm,0.16515,5451844151,70743258.0,-1.25108,2026-03-21
USD1,usd1,0.999876,4424460730,1060907623.0,0.04788,2026-03-21
Litecoin,ltc,56.16,4322938929,285218803.0,0.89874,2026-03-21
Dai,dai,0.999958,4315447797,160114776.0,-0.00221,2026-03-21
Rain,rain,0.00869146,4157278939,18470854.0,-0.80696,2026-03-21
Avalanche,avax,9.51,4104103386,233536989.0,-0.36558,2026-03-21
PayPal USD,pyusd,0.9999,4072465096,80498548.0,0.01013,2026-03-21
Hedera,hbar,0.092567,4006454026,46747656.0,-1.21121,2026-03-21
Zcash,zec,234.24,3891455396,293521435.0,-0.42286,2026-03-21
Sui,sui,0.962143,3751588124,243419767.0,-1.06805,2026-03-21
Shiba Inu,shib,6e-06,3532316639,157229567.0,-0.27089,2026-03-21
Cronos,cro,0.074875,3166447979,8243464.0,-0.94259,2026-03-21
Toncoin,ton,1.26,3106661221,103320066.0,1.95271,2026-03-21
MemeCore,m,1.62,2841344188,8054120.0,-0.44774,2026-03-21
World Liberty Financial,wlfi,0.093969,2600361777,82054785.0,4.13813,2026-03-21
Bittensor,tao,270.48,2594570353,334801342.0,-5.61545,2026-03-21
Tether Gold,xaut,4494.06,2537224970,673121060.0,-3.5224,2026-03-21
Polkadot,dot,1.49,2500640857,136068135.0,-2.56212,2026-03-21
Mantle,mnt,0.753409,2468383592,25838247.0,-0.63837,2026-03-21
Circle USYC,usyc,1.12,2450906535,111880.0,0.01821,2026-03-21
Uniswap,uni,3.59,2275385213,151859249.0,-0.61752,2026-03-21
PAX Gold,paxg,4508.9,2266940174,418017816.0,-3.24759,2026-03-21
BlackRock USD Institutional Digital Liquidity Fund,buidl,1.0,2012853986,0.0,0.0,2026-03-21
Pi Network,pi,0.199179,1953948326,41174404.0,5.41515,2026-03-21
OKB,okb,88.33,1854569746,12841912.0,-0.51759,2026-03-21
Global Dollar,usdg,0.999878,1775657069,22463940.0,0.0063,2026-03-21
Falcon USD,usdf,0.997764,1748388447,1140089.0,-0.04408,2026-03-21
Aster,aster,0.691248,1698166317,132249622.0,0.66293,2026-03-21
Sky,sky,0.073589,1697551350,10851089.0,1.94158,2026-03-21
NEAR Protocol,near,1.31,1693824396,123721598.0,-2.20602,2026-03-21
Bitcoin,btc,70565.0,1411517068706,31739568885.0,-0.00953,2026-03-21
Ethereum,eth,2153.55,259916131358,13072222652.0,0.22749,2026-03-21
Tether,usdt,0.999805,184146288687,50589071728.0,-0.01774,2026-03-21
XRP,xrp,1.44,88307549555,1575071436.0,-0.74832,2026-03-21
BNB,bnb,642.7,87636512096,789121975.0,-0.07581,2026-03-21
USDC,usdc,0.999904,79037151080,4787625963.0,-0.00365,2026-03-21
Solana,sol,89.97,51440336556,2436543651.0,0.74295,2026-03-21
TRON,trx,0.309604,29332739834,555913374.0,0.75179,2026-03-21
Figure Heloc,figr_heloc,1.003,15889689398,330310642.0,0.12024,2026-03-21
Dogecoin,doge,0.094006,14429935499,563283302.0,-0.34548,2026-03-21
WhiteBIT Coin,wbt,55.26,11793729462,54529025.0,0.05149,2026-03-21
USDS,usds,0.999968,11761286323,7987763.0,0.00047,2026-03-21
Cardano,ada,0.264215,9736614527,303777056.0,-1.8199,2026-03-21
Hyperliquid,hype,39.62,9447634203,245033640.0,-0.10428,2026-03-21
Bitcoin Cash,bch,468.5,9374905040,180143774.0,1.09984,2026-03-21
LEO Token,leo,9.22,8489543442,426119.0,0.50673,2026-03-21
Chainlink,link,9.1,6445979428,289334269.0,-0.124,2026-03-21
Monero,xmr,348.74,6433101984,75948527.0,0.9763,2026-03-21
Ethena USDe,usde,0.999892,5923055060,104658422.0,0.00259,2026-03-21
Canton,cc,0.147332,5613703110,6465341.0,2.89186,2026-03-21
Stellar,xlm,0.165107,5450383393,71063206.0,-1.27677,2026-03-21
USD1,usd1,0.999726,4424417002,1043461741.0,0.03291,2026-03-21
Litecoin,ltc,56.16,4322648695,285267376.0,0.89103,2026-03-21
Dai,dai,0.999885,4315688145,155958435.0,-0.00955,2026-03-21
Rain,rain,0.00869312,4156357944,18465564.0,-0.78808,2026-03-21
Avalanche,avax,9.5,4103488140,230454274.0,-0.38052,2026-03-21
PayPal USD,pyusd,0.999796,4072239842,80371118.0,-0.00024,2026-03-21
Hedera,hbar,0.092586,4009482970,46723252.0,-1.19081,2026-03-21
Zcash,zec,234.14,3889812809,234887152.0,-0.46734,2026-03-21
Sui,sui,0.961953,3751497642,238546536.0,-1.08755,2026-03-21
Shiba Inu,shib,5.99e-06,3532860990,156917745.0,-0.29318,2026-03-21
Cronos,cro,0.074856,3165787401,8441734.0,-0.96697,2026-03-21
Toncoin,ton,1.26,3109396517,103405458.0,1.98283,2026-03-21
MemeCore,m,1.62,2839807554,8048027.0,-0.42066,2026-03-21
World Liberty Financial,wlfi,0.093931,2598578139,81991911.0,4.09527,2026-03-21
Bittensor,tao,270.27,2594565816,366382013.0,-5.68996,2026-03-21
Tether Gold,xaut,4493.95,2537356744,673750359.0,-3.52488,2026-03-21
Polkadot,dot,1.49,2500998637,136012015.0,-2.55874,2026-03-21
Mantle,mnt,0.753041,2469003552,27241428.0,-0.68687,2026-03-21
Circle USYC,usyc,1.12,2450906535,111880.0,0.00922,2026-03-21
Uniswap,uni,3.59,2274075640,151941991.0,-0.66787,2026-03-21
PAX Gold,paxg,4508.9,2266982975,418465195.0,-3.24745,2026-03-21
BlackRock USD Institutional Digital Liquidity Fund,buidl,1.0,2012853986,0.0,0.0,2026-03-21
Pi Network,pi,0.199097,1953813976,41175006.0,5.37174,2026-03-21
OKB,okb,88.36,1854840744,12825411.0,-0.47851,2026-03-21
Global Dollar,usdg,0.999888,1775729119,21399850.0,0.00726,2026-03-21
Falcon USD,usdf,0.997754,1748326875,1139963.0,-0.04505,2026-03-21
Sky,sky,0.073591,1697780740,10849819.0,1.94473,2026-03-21
Aster,aster,0.69122,1697615207,132254766.0,0.65887,2026-03-21
NEAR Protocol,near,1.31,1693527282,120616805.0,-2.22441,2026-03-21
Bitcoin,btc,70574.0,1411586264962,32087863353.0,-0.05721,2026-03-21
Ethereum,eth,2153.09,259871801927,13274710631.0,0.18414,2026-03-21
Tether,usdt,0.999784,184142365540,50529853249.0,-0.01828,2026-03-21
XRP,xrp,1.44,88307188413,1492556456.0,-0.79873,2026-03-21
BNB,bnb,642.74,87641246525,796248888.0,-0.09131,2026-03-21
USDC,usdc,0.999901,79038906897,4777709154.0,-0.0006,2026-03-21
Solana,sol,89.94,51425644952,2437456744.0,0.64583,2026-03-21
TRON,trx,0.309751,29349398594,535397300.0,1.07186,2026-03-21
Figure Heloc,figr_heloc,1.003,15889689398,330310642.0,0.12024,2026-03-21
Dogecoin,doge,0.093962,14424413212,566846058.0,-0.48099,2026-03-21
WhiteBIT Coin,wbt,55.25,11793778832,54384839.0,-0.12144,2026-03-21
USDS,usds,1.0,11761645362,11479502.0,-0.00056,2026-03-21
Cardano,ada,0.264187,9734310410,304948153.0,-1.86456,2026-03-21
Hyperliquid,hype,39.61,9444136767,244813225.0,-0.1647,2026-03-21
Bitcoin Cash,bch,468.44,9373626133,179922232.0,1.02755,2026-03-21
LEO Token,leo,9.22,8489551634,426003.0,0.24414,2026-03-21
Chainlink,link,9.1,6442131486,288588755.0,-0.14281,2026-03-21
Monero,xmr,348.55,6427732822,75712156.0,0.8178,2026-03-21
Ethena USDe,usde,0.999917,5923244222,104187132.0,0.0108,2026-03-21
Canton,cc,0.147346,5611041179,6459805.0,2.83489,2026-03-21
Stellar,xlm,0.165098,5449671431,69377176.0,-1.33042,2026-03-21
USD1,usd1,0.999774,4424669221,1060807225.0,0.03617,2026-03-21
Litecoin,ltc,56.11,4320454324,287307420.0,0.7823,2026-03-21
Dai,dai,0.999886,4315780361,155997376.0,-0.0079,2026-03-21
Rain,rain,0.00869299,4156091010,12865604.0,-0.70411,2026-03-21
Avalanche,avax,9.5,4102582301,228600550.0,-0.46703,2026-03-21
PayPal USD,pyusd,1.0,4072194941,80506688.0,0.00799,2026-03-21
Hedera,hbar,0.092587,4009143317,46695164.0,-1.26956,2026-03-21
Zcash,zec,233.84,3884379549,235819912.0,-0.58489,2026-03-21
Sui,sui,0.961852,3751226413,242953361.0,-1.14096,2026-03-21
Shiba Inu,shib,5.99e-06,3531641429,156567032.0,-0.64232,2026-03-21
Cronos,cro,0.074857,3165601617,8203769.0,-0.99038,2026-03-21
Toncoin,ton,1.26,3108120605,103603460.0,1.90067,2026-03-21
MemeCore,m,1.62,2840766480,8044621.0,-0.65853,2026-03-21
World Liberty Financial,wlfi,0.093965,2598694563,79508815.0,4.12731,2026-03-21
Bittensor,tao,269.72,2591830774,365003882.0,-5.25352,2026-03-21
Tether Gold,xaut,4493.36,2537201155,669105377.0,-3.47884,2026-03-21
Polkadot,dot,1.49,2500772043,136231615.0,-2.54179,2026-03-21
Mantle,mnt,0.751355,2467917357,27926050.0,-1.09467,2026-03-21
Circle USYC,usyc,1.12,2450906535,111880.0,0.00922,2026-03-21
Uniswap,uni,3.59,2272919934,151810751.0,-0.78202,2026-03-21
PAX Gold,paxg,4507.86,2266812123,415911575.0,-3.19722,2026-03-21
BlackRock USD Institutional Digital Liquidity Fund,buidl,1.0,2012853986,0.0,0.0,2026-03-21
Pi Network,pi,0.198925,1952149482,41160357.0,5.54322,2026-03-21
OKB,okb,88.41,1855608436,12826840.0,-0.46076,2026-03-21
Global Dollar,usdg,0.999877,1775558373,22100013.0,-0.00413,2026-03-21
Falcon USD,usdf,0.99775,1748293838,1139803.0,-0.02531,2026-03-21
Sky,sky,0.073596,1697763366,10861111.0,1.97979,2026-03-21
Aster,aster,0.69122,1697406193,132147134.0,0.69197,2026-03-21
NEAR Protocol,near,1.31,1693875987,120597438.0,-2.31377,2026-03-21
Bitcoin,btc,70572.0,1411586264962,32075671284.0,-0.06035,2026-03-21
Ethereum,eth,2153.07,259871801927,13271825020.0,0.18284,2026-03-21
Tether,usdt,0.999784,184142365540,50529853249.0,-0.01828,2026-03-21
XRP,xrp,1.44,88307188413,1498447792.0,-0.78362,2026-03-21
BNB,bnb,642.73,87641246525,790683639.0,-0.09206,2026-03-21
USDC,usdc,0.999901,79038828773,5258142604.0,-0.00063,2026-03-21
Solana,sol,89.94,51418909021,2437583186.0,0.64309,2026-03-21
TRON,trx,0.30978,29349398594,534698441.0,1.08138,2026-03-21
Figure Heloc,figr_heloc,1.003,15889689398,330310642.0,0.12024,2026-03-21
Dogecoin,doge,0.093933,14424413212,566903002.0,-0.51111,2026-03-21
WhiteBIT Coin,wbt,55.25,11792156640,54380529.0,-0.1191,2026-03-21
USDS,usds,1.0,11761645362,11480022.0,-0.00058,2026-03-21
Cardano,ada,0.264185,9734310410,304549524.0,-1.86544,2026-03-21
Hyperliquid,hype,39.59,9444136767,244870035.0,-0.20009,2026-03-21
Bitcoin Cash,bch,468.42,9373626133,180345747.0,1.02157,2026-03-21
LEO Token,leo,9.22,8490783266,426029.0,0.23993,2026-03-21
Chainlink,link,9.1,6442131486,288527828.0,-0.1495,2026-03-21
Monero,xmr,348.54,6427732822,75685656.0,0.81378,2026-03-21
Ethena USDe,usde,0.99996,5923244222,102608451.0,0.01509,2026-03-21
Canton,cc,0.147343,5611041179,6459683.0,2.83295,2026-03-21
Stellar,xlm,0.165102,5449671431,69219291.0,-1.32798,2026-03-21
USD1,usd1,0.999786,4424669221,1060837824.0,0.03741,2026-03-21
Litecoin,ltc,56.11,4320454324,287238214.0,0.76721,2026-03-21
Dai,dai,1.0,4315811582,155058687.0,0.00533,2026-03-21
Rain,rain,0.0086903,4156091010,12848339.0,-0.73486,2026-03-21
Avalanche,avax,9.5,4102582301,225513607.0,-0.45729,2026-03-21
PayPal USD,pyusd,1.0,4072194941,80508846.0,0.00946,2026-03-21
Hedera,hbar,0.092587,4009331238,46608035.0,-1.26916,2026-03-21
Zcash,zec,233.83,3884379549,235800267.0,-0.58781,2026-03-21
Sui,sui,0.961866,3751212859,238477645.0,-1.1396,2026-03-21
Shiba Inu,shib,5.99e-06,3531641429,156541410.0,-0.66198,2026-03-21
Cronos,cro,0.074854,3165543375,8204324.0,-0.99456,2026-03-21
Toncoin,ton,1.26,3108120605,103633825.0,1.88794,2026-03-21
MemeCore,m,1.62,2840455356,8045668.0,-0.66403,2026-03-21
World Liberty Financial,wlfi,0.093974,2598694563,79509503.0,4.13767,2026-03-21
Bittensor,tao,269.68,2588437219,364851909.0,-5.26778,2026-03-21
Tether Gold,xaut,4493.36,2536946532,668090735.0,-3.47899,2026-03-21
Polkadot,dot,1.49,2500772043,136239321.0,-2.53269,2026-03-21
Mantle,mnt,0.751151,2467917357,27946044.0,-1.12148,2026-03-21
Circle USYC,usyc,1.12,2450906535,111880.0,0.00922,2026-03-21
Uniswap,uni,3.59,2272919934,151896350.0,-0.79059,2026-03-21
PAX Gold,paxg,4507.63,2266450150,415901883.0,-3.2021,2026-03-21
BlackRock USD Institutional Digital Liquidity Fund,buidl,1.0,2012853986,0.0,0.0,2026-03-21
Pi Network,pi,0.19904,1952149482,41095977.0,5.60401,2026-03-21
OKB,okb,88.42,1856511544,12829297.0,-0.44435,2026-03-21
Global Dollar,usdg,0.999835,1775558373,20229569.0,-0.00841,2026-03-21
Falcon USD,usdf,0.997762,1748293838,1139849.0,-0.02413,2026-03-21
Sky,sky,0.073604,1697763366,10882099.0,1.99104,2026-03-21
Aster,aster,0.691246,1697406193,132154490.0,0.69584,2026-03-21
NEAR Protocol,near,1.31,1693875987,120583407.0,-2.30012,2026-03-21
Bitcoin,btc,70568.0,1412061929737,31927187901.0,-0.23116,2026-03-21
Ethereum,eth,2152.99,259939631774,12790535942.0,0.00159,2026-03-21
Tether,usdt,0.999812,184149035879,50179465238.0,-0.01183,2026-03-21
XRP,xrp,1.44,88322670558,1465033784.0,-0.88215,2026-03-21
BNB,bnb,642.94,87658136481,785408341.0,-0.13045,2026-03-21
USDC,usdc,0.999805,79037438134,2688376161.0,-0.00991,2026-03-21
Solana,sol,89.91,51422905229,2412237951.0,0.47686,2026-03-21
TRON,trx,0.309937,29387345124,527732326.0,0.87098,2026-03-21
Figure Heloc,figr_heloc,1.003,15889689398,330310642.0,0.12024,2026-03-21
Dogecoin,doge,0.093953,14422991902,565051250.0,-0.60403,2026-03-21
WhiteBIT Coin,wbt,55.26,11795780184,54094193.0,-0.27702,2026-03-21
USDS,usds,0.999829,11763136463,11731751.0,-0.01953,2026-03-21
Cardano,ada,0.26435,9741859265,308452050.0,-1.87978,2026-03-21
Hyperliquid,hype,39.82,9490252400,243488987.0,0.35287,2026-03-21
Bitcoin Cash,bch,468.16,9368026917,176776141.0,0.73746,2026-03-21
LEO Token,leo,9.22,8493123717,425076.0,0.16119,2026-03-21
Chainlink,link,9.09,6442523259,285360146.0,-0.41544,2026-03-21
Monero,xmr,349.12,6434515158,74488100.0,0.72341,2026-03-21
Ethena USDe,usde,0.999839,5922929776,95847346.0,0.00152,2026-03-21
Canton,cc,0.147156,5614712167,6454840.0,2.75049,2026-03-21
Stellar,xlm,0.165101,5449824057,70724989.0,-1.39709,2026-03-21
USD1,usd1,0.999733,4424368463,1039389696.0,0.02144,2026-03-21
Dai,dai,1.0,4316668410,160103852.0,0.0025,2026-03-21
Litecoin,ltc,56.04,4316254396,284017265.0,0.61062,2026-03-21
Rain,rain,0.00869613,4156553091,19239763.0,-0.8542,2026-03-21
Avalanche,avax,9.5,4103465343,232621690.0,-0.80008,2026-03-21
PayPal USD,pyusd,1.0,4072712029,79994488.0,0.03373,2026-03-21
Hedera,hbar,0.092585,4009490667,44505788.0,-1.30767,2026-03-21
Zcash,zec,233.29,3879641765,289111397.0,-1.3219,2026-03-21
Sui,sui,0.961446,3751191383,235321246.0,-1.55684,2026-03-21
Shiba Inu,shib,5.99e-06,3531805079,154211311.0,-0.61207,2026-03-21
Cronos,cro,0.07489,3166362729,8307605.0,-1.12618,2026-03-21
Toncoin,ton,1.26,3107715874,103731308.0,1.59973,2026-03-21
MemeCore,m,1.62,2843032441,7973166.0,-1.97826,2026-03-21
World Liberty Financial,wlfi,0.09428,2605801148,81574371.0,4.17815,2026-03-21
Bittensor,tao,269.21,2582494996,353351064.0,-4.60827,2026-03-21
Tether Gold,xaut,4494.58,2537289272,628640289.0,-3.39007,2026-03-21
Polkadot,dot,1.49,2503809393,135717928.0,-2.71163,2026-03-21
Mantle,mnt,0.748151,2453931468,23872602.0,-1.47411,2026-03-21
Circle USYC,usyc,1.12,2450906535,111880.0,0.00913,2026-03-21
Uniswap,uni,3.59,2274718498,149798319.0,-0.63532,2026-03-21
PAX Gold,paxg,4507.88,2266359557,411559851.0,-3.26302,2026-03-21
BlackRock USD Institutional Digital Liquidity Fund,buidl,1.0,2012853986,0.0,0.0,2026-03-21
Pi Network,pi,0.201405,1968789791,42010441.0,6.84329,2026-03-21
OKB,okb,88.42,1856504055,12801874.0,-0.49736,2026-03-21
Global Dollar,usdg,0.999897,1775637386,22637711.0,-0.00012,2026-03-21
Falcon USD,usdf,0.997771,1748109366,1139420.0,-0.05655,2026-03-21
Sky,sky,0.073709,1699434913,10890504.0,2.10725,2026-03-21
Aster,aster,0.691409,1698286602,130770451.0,0.84118,2026-03-21
NEAR Protocol,near,1.31,1695533579,118183240.0,-2.35218,2026-03-21
Bitcoin,btc,70595.0,1411805451363,31180632289.0,-0.13915,2026-03-21
Ethereum,eth,2155.29,260075224747,12390430788.0,0.23559,2026-03-21
Tether,usdt,0.999853,184152919048,49842498075.0,-0.00739,2026-03-21
XRP,xrp,1.44,88330679662,1380637689.0,-0.6605,2026-03-21
BNB,bnb,643.21,87694706741,775824380.0,0.04118,2026-03-21
USDC,usdc,0.99995,79038555675,6745361587.0,0.00472,2026-03-21
Solana,sol,89.94,51414486375,2393524744.0,0.58333,2026-03-21
TRON,trx,0.310124,29385124396,523922601.0,1.25535,2026-03-21
Figure Heloc,figr_heloc,1.003,15889689398,330310642.0,0.12024,2026-03-21
Dogecoin,doge,0.09398,14423988594,562808479.0,-0.38656,2026-03-21
WhiteBIT Coin,wbt,55.26,11793712388,53710305.0,-0.19594,2026-03-21
USDS,usds,0.999888,11760632746,11510509.0,-0.00786,2026-03-21
Cardano,ada,0.264349,9738905313,302592929.0,-1.69947,2026-03-21
Hyperliquid,hype,39.89,9506365084,243848990.0,0.92807,2026-03-21
Bitcoin Cash,bch,467.48,9353101695,175600984.0,-0.06978,2026-03-21
LEO Token,leo,9.22,8488294395,425869.0,0.12941,2026-03-21
Chainlink,link,9.1,6442640771,284154811.0,-0.14034,2026-03-21
Monero,xmr,349.38,6440921198,74746419.0,0.87512,2026-03-21
Ethena USDe,usde,0.999898,5923263786,101668127.0,0.01419,2026-03-21
Canton,cc,0.147299,5609011512,6469351.0,2.84712,2026-03-21
Stellar,xlm,0.16536,5457854510,69946646.0,-1.19221,2026-03-21
USD1,usd1,0.999605,4423856961,1030428410.0,0.01176,2026-03-21
Dai,dai,1.0,4316075657,161382459.0,0.00672,2026-03-21
Litecoin,ltc,56.05,4314380259,282225640.0,0.8394,2026-03-21
Rain,rain,0.0086929,4156641537,19255691.0,-0.92552,2026-03-21
Avalanche,avax,9.51,4104275866,230865618.0,-0.51981,2026-03-21
PayPal USD,pyusd,0.999957,4072217138,79842623.0,-0.01936,2026-03-21
Hedera,hbar,0.09262,4010105617,45766348.0,-1.06516,2026-03-21
Zcash,zec,233.63,3879074699,288019767.0,-1.18471,2026-03-21
Sui,sui,0.96183,3751112082,238895433.0,-1.33262,2026-03-21
Shiba Inu,shib,5.99e-06,3529952446,149399253.0,-0.42121,2026-03-21
Cronos,cro,0.074903,3166948051,8084787.0,-1.05723,2026-03-21
Toncoin,ton,1.26,3105697823,103910517.0,1.68959,2026-03-21
MemeCore,m,1.62,2824760505,7969831.0,-2.29801,2026-03-21
World Liberty Financial,wlfi,0.094427,2612043373,81296035.0,4.50459,2026-03-21
Bittensor,tao,269.85,2589837931,350872838.0,-3.64251,2026-03-21
Tether Gold,xaut,4494.31,2537526342,620404244.0,-3.50388,2026-03-21
Polkadot,dot,1.49,2502868854,135062067.0,-2.72049,2026-03-21
Mantle,mnt,0.748603,2452899988,27598208.0,-1.35813,2026-03-21
Circle USYC,usyc,1.12,2450906535,111880.0,0.00928,2026-03-21
Uniswap,uni,3.59,2277593537,149369782.0,-0.51952,2026-03-21
PAX Gold,paxg,4509.64,2267248916,412420829.0,-3.35163,2026-03-21
BlackRock USD Institutional Digital Liquidity Fund,buidl,1.0,2012853986,0.0,0.0,2026-03-21
Pi Network,pi,0.200269,1965447294,41981371.0,6.6742,2026-03-21
OKB,okb,88.41,1856537546,12747318.0,-0.5489,2026-03-21
Global Dollar,usdg,0.999838,1775556859,20579485.0,-0.00584,2026-03-21
Falcon USD,usdf,0.997968,1748293075,1134201.0,-0.03658,2026-03-21
Sky,sky,0.073731,1701253883,10493192.0,2.24932,2026-03-21
Aster,aster,0.690666,1696212288,131258983.0,1.09182,2026-03-21
NEAR Protocol,near,1.31,1694430482,122277511.0,-2.35825,2026-03-21
Bitcoin,btc,69226.0,1384622426479,27930670740.0,-2.12227,2026-03-22
Ethereum,eth,2118.02,255518651852,11410176975.0,-1.72786,2026-03-22
Tether,usdt,0.99986,184154234983,44340844411.0,5e-05,2026-03-22
XRP,xrp,1.42,86882973724,1526642120.0,-2.14224,2026-03-22
BNB,bnb,633.59,86435518789,755890618.0,-1.41519,2026-03-22
USDC,usdc,0.999963,78998540809,4183633760.0,0.00285,2026-03-22
Solana,sol,88.74,50827002782,2311064788.0,-1.77419,2026-03-22
TRON,trx,0.308612,29203560886,594075521.0,-0.09978,2026-03-22
Figure Heloc,figr_heloc,1.0,15843541913,296306884.0,-2.82112,2026-03-22
Dogecoin,doge,0.092566,14204505393,746377790.0,-2.42478,2026-03-22
USDS,usds,0.999933,11768582033,8026532.0,-0.00759,2026-03-22
WhiteBIT Coin,wbt,54.62,11663371849,39893465.0,-1.3431,2026-03-22
Cardano,ada,0.258228,9517390482,364714159.0,-3.12287,2026-03-22
Bitcoin Cash,bch,467.74,9360323847,161196830.0,-0.6786,2026-03-22
Hyperliquid,hype,38.9,9276863894,182928950.0,-1.31928,2026-03-22
LEO Token,leo,9.23,8498784882,381557.0,0.05365,2026-03-22
Monero,xmr,342.73,6318695072,62576770.0,-1.48386,2026-03-22
Chainlink,link,8.92,6317918888,273991552.0,-2.15899,2026-03-22
Ethena USDe,usde,0.999686,5922087752,46356962.0,-0.02172,2026-03-22
Canton,cc,0.143478,5466592503,5470365.0,-2.62592,2026-03-22
Stellar,xlm,0.162333,5359543330,66374379.0,-2.23731,2026-03-22
USD1,usd1,0.99957,4424314025,846119381.0,0.01383,2026-03-22
Dai,dai,0.999859,4317976225,140653551.0,-0.00117,2026-03-22
Litecoin,ltc,54.68,4211076439,276179380.0,-3.13335,2026-03-22
PayPal USD,pyusd,1.0,4068132987,87100021.0,0.03477,2026-03-22
Avalanche,avax,9.29,4013014482,197975329.0,-3.00462,2026-03-22
Hedera,hbar,0.091686,3972784629,57499645.0,-1.74526,2026-03-22
Rain,rain,0.00821099,3925840030,18278801.0,-6.05722,2026-03-22
Sui,sui,0.940161,3669726124,290902753.0,-2.78777,2026-03-22
Zcash,zec,220.65,3668166825,257976355.0,-5.22304,2026-03-22
Shiba Inu,shib,5.86e-06,3455107887,109825790.0,-3.11786,2026-03-22
Cronos,cro,0.074874,3168917996,8497068.0,-0.16123,2026-03-22
Toncoin,ton,1.27,3111110290,92117005.0,0.91975,2026-03-22
MemeCore,m,1.65,2882622439,8606954.0,0.00256,2026-03-22
World Liberty Financial,wlfi,0.096527,2668540063,78805957.0,2.7926,2026-03-22
Bittensor,tao,276.71,2644516202,288390593.0,0.22238,2026-03-22
Tether Gold,xaut,4491.17,2536987981,177394897.0,-0.14224,2026-03-22
Polkadot,dot,1.47,2469261891,126964815.0,-2.44462,2026-03-22
Circle USYC,usyc,1.12,2450906535,111880.0,,2026-03-22
Mantle,mnt,0.741336,2429866148,29582478.0,-1.42632,2026-03-22
PAX Gold,paxg,4506.51,2266418455,107859688.0,-0.07187,2026-03-22
Uniswap,uni,3.51,2223334218,135029697.0,-2.40012,2026-03-22
BlackRock USD Institutional Digital Liquidity Fund,buidl,1.0,2012853986,0.0,0.0,2026-03-22
Pi Network,pi,0.188531,1844229281,34339177.0,-6.39753,2026-03-22
OKB,okb,85.22,1793283490,23190889.0,-4.40723,2026-03-22
Global Dollar,usdg,0.999816,1775495807,11643318.0,0.01005,2026-03-22
Falcon USD,usdf,0.997794,1747457524,658389.0,-0.03944,2026-03-22
Sky,sky,0.074309,1726373756,16396338.0,0.92417,2026-03-22
NEAR Protocol,near,1.3,1675644123,102876877.0,-1.28197,2026-03-22
Aave,aave,109.85,1669138907,198745744.0,-1.6374,2026-03-22
Bitcoin,btc,69147.0,1383507233284,26771540554.0,-2.26226,2026-03-22
Ethereum,eth,2108.56,254630224845,11462633973.0,-2.12255,2026-03-22
Tether,usdt,0.999795,184141273551,43649955683.0,-0.00224,2026-03-22
XRP,xrp,1.41,86529321165,1409306638.0,-2.63375,2026-03-22
BNB,bnb,633.26,86374026814,770911947.0,-1.52355,2026-03-22
USDC,usdc,0.999912,79002219408,4654943198.0,0.00243,2026-03-22
Solana,sol,88.21,50482230816,2326196549.0,-2.1496,2026-03-22
TRON,trx,0.309956,29356321800,574178114.0,-0.67243,2026-03-22
Figure Heloc,figr_heloc,1.0,15843541913,296306884.0,-0.29042,2026-03-22
Dogecoin,doge,0.091843,14099144732,735384506.0,-2.89479,2026-03-22
USDS,usds,0.999778,11748958709,8593122.0,-0.01441,2026-03-22
WhiteBIT Coin,wbt,54.52,11635856924,38011703.0,-1.60562,2026-03-22
Cardano,ada,0.257248,9477907179,357255067.0,-3.53387,2026-03-22
Bitcoin Cash,bch,466.4,9328998310,158089300.0,-0.51914,2026-03-22
Hyperliquid,hype,38.36,9141511512,197349448.0,-2.51455,2026-03-22
LEO Token,leo,9.23,8478690506,379463.0,0.12039,2026-03-22
Monero,xmr,342.9,6323202812,62822535.0,-1.84685,2026-03-22
Chainlink,link,8.89,6293784082,280012814.0,-2.57734,2026-03-22
Ethena USDe,usde,0.999805,5922410258,45937575.0,0.00042,2026-03-22
Canton,cc,0.143527,5466892915,5417650.0,-2.87315,2026-03-22
Stellar,xlm,0.161437,5331102842,65373618.0,-2.97421,2026-03-22
USD1,usd1,0.999309,4423076276,838147243.0,-0.02871,2026-03-22
Dai,dai,0.999857,4326469775,139604133.0,-0.0117,2026-03-22
Litecoin,ltc,54.57,4198781909,266056296.0,-3.04544,2026-03-22
PayPal USD,pyusd,0.9998,4081990304,45999516.0,-0.00958,2026-03-22
Avalanche,avax,9.24,3988968407,197934887.0,-3.95998,2026-03-22
Hedera,hbar,0.09115,3948438076,58455158.0,-2.33086,2026-03-22
Rain,rain,0.00800667,3828354508,20190096.0,-8.40408,2026-03-22
Sui,sui,0.934506,3644575613,286160113.0,-3.49101,2026-03-22
Zcash,zec,218.51,3632937141,261953520.0,-6.4087,2026-03-22
Shiba Inu,shib,5.82e-06,3425903308,110234321.0,-3.63744,2026-03-22
Cronos,cro,0.074745,3160667698,8459814.0,-0.42827,2026-03-22
Toncoin,ton,1.26,3097166522,89290993.0,-0.22474,2026-03-22
MemeCore,m,1.65,2881763042,8545297.0,0.16581,2026-03-22
Bittensor,tao,278.37,2661961749,280509642.0,2.24286,2026-03-22
World Liberty Financial,wlfi,0.095949,2652153216,80215879.0,1.30337,2026-03-22
Tether Gold,xaut,4493.66,2537224463,165036409.0,-0.12266,2026-03-22
Circle USYC,usyc,1.12,2450906535,111880.0,,2026-03-22
Polkadot,dot,1.46,2450099538,125970133.0,-3.28357,2026-03-22
Mantle,mnt,0.73877,2421928344,30719608.0,-1.59856,2026-03-22
PAX Gold,paxg,4508.5,2266734124,99837954.0,-0.08538,2026-03-22
Uniswap,uni,3.49,2214428797,139720595.0,-3.02743,2026-03-22
BlackRock USD Institutional Digital Liquidity Fund,buidl,1.0,2012853986,0.0,0.0,2026-03-22
Pi Network,pi,0.18885,1857410722,34535212.0,-5.95054,2026-03-22
OKB,okb,84.89,1782653990,23803253.0,-4.96532,2026-03-22
Global Dollar,usdg,0.999818,1775582894,14201147.0,-0.00453,2026-03-22
Falcon USD,usdf,0.997998,1748389624,783551.0,-0.00142,2026-03-22
Sky,sky,0.073304,1691412065,16918796.0,-0.4337,2026-03-22
NEAR Protocol,near,1.3,1672239752,108012485.0,-1.74829,2026-03-22
Aave,aave,108.95,1654871986,201591479.0,-2.29958,2026-03-22
Bitcoin,btc,68680.0,1373871726912,29241525968.0,-0.75557,2026-03-23
Ethereum,eth,2064.46,249174301186,13317754432.0,-2.38913,2026-03-23
Tether,usdt,0.999671,184124494292,47619874018.0,-0.01681,2026-03-23
BNB,bnb,630.47,85968651602,887393464.0,-0.51818,2026-03-23
XRP,xrp,1.39,85357916781,1719869758.0,-1.51656,2026-03-23
USDC,usdc,0.999909,78898433103,6504302959.0,0.00099,2026-03-23
Solana,sol,87.07,49818620356,2455303339.0,-1.66161,2026-03-23
TRON,trx,0.308309,29212790555,620852923.0,-0.1485,2026-03-23
Figure Heloc,figr_heloc,1.0,15843541913,296306884.0,,2026-03-23
Dogecoin,doge,0.090786,13939058870,717347614.0,-1.64183,2026-03-23
USDS,usds,1.0,11660130721,10183071.0,-0.07723,2026-03-23
WhiteBIT Coin,wbt,53.95,11502209428,49859544.0,-1.19145,2026-03-23
Bitcoin Cash,bch,467.48,9354788993,159727729.0,0.0646,2026-03-23
Cardano,ada,0.252,9285428639,381687818.0,-2.21153,2026-03-23
Hyperliquid,hype,38.19,9108259841,281279065.0,-1.44904,2026-03-23
LEO Token,leo,9.3,8565183169,373114.0,0.72641,2026-03-23
Monero,xmr,359.0,6622361889,83944075.0,4.83311,2026-03-23
Chainlink,link,8.75,6192562102,300656963.0,-1.85231,2026-03-23
Ethena USDe,usde,0.999367,5917685008,86230163.0,-0.03483,2026-03-23
Canton,cc,0.145385,5541349862,6235145.0,1.71078,2026-03-23
Stellar,xlm,0.15875,5240514984,90643700.0,-2.13682,2026-03-23
USD1,usd1,0.999145,4420897461,887067251.0,-0.04481,2026-03-23
Dai,dai,0.99996,4320858071,148553976.0,0.01323,2026-03-23
Litecoin,ltc,54.06,4161508925,283621224.0,-0.98195,2026-03-23
PayPal USD,pyusd,1.0,4101541644,55755393.0,-0.05262,2026-03-23
Rain,rain,0.00847414,4061284026,20399586.0,3.29683,2026-03-23
Avalanche,avax,9.13,3942274270,214076184.0,-1.40327,2026-03-23
Hedera,hbar,0.090437,3916740317,71585932.0,-1.05345,2026-03-23
Zcash,zec,224.39,3728746325,242381344.0,2.21205,2026-03-23
Sui,sui,0.913957,3563277566,316733885.0,-2.47146,2026-03-23
Shiba Inu,shib,5.8e-06,3418336893,108627124.0,-0.68976,2026-03-23
Cronos,cro,0.073951,3126945967,9224565.0,-1.09658,2026-03-23
MemeCore,m,1.78,3107013791,8655063.0,8.00187,2026-03-23
Toncoin,ton,1.26,3104284727,71746549.0,0.08557,2026-03-23
World Liberty Financial,wlfi,0.099002,2739407001,98700449.0,3.34893,2026-03-23
Bittensor,tao,278.74,2676670746,267907521.0,0.79807,2026-03-23
Tether Gold,xaut,4341.34,2453263574,682820154.0,-3.35665,2026-03-23
Circle USYC,usyc,1.12,2450906535,111880.0,,2026-03-23
Polkadot,dot,1.44,2405675847,116773228.0,-2.05778,2026-03-23
Mantle,mnt,0.713044,2338810911,39588138.0,-3.66129,2026-03-23
Uniswap,uni,3.53,2234061271,156862372.0,0.60507,2026-03-23
PAX Gold,paxg,4346.24,2186626401,476350161.0,-3.55036,2026-03-23
BlackRock USD Institutional Digital Liquidity Fund,buidl,1.0,2012853986,0.0,0.0,2026-03-23
Siren,siren,2.73,1994115360,160934624.0,134.18018,2026-03-23
Pi Network,pi,0.193169,1895539629,23737783.0,1.77591,2026-03-23
OKB,okb,84.79,1780697343,15435177.0,-0.28013,2026-03-23
Global Dollar,usdg,0.999917,1775567159,30715457.0,-0.00186,2026-03-23
Falcon USD,usdf,0.997379,1745162522,1075743.0,-0.01898,2026-03-23
NEAR Protocol,near,1.28,1655028015,104635653.0,-1.55188,2026-03-23
Aster,aster,0.668324,1641983246,157944276.0,-0.38626,2026-03-23
Bitcoin,btc,70162.0,1404052117196,51031801008.0,2.12417,2026-03-24
Ethereum,eth,2130.85,257380355748,28159988447.0,3.1657,2026-03-24
Tether,usdt,0.999665,184121552877,88733849276.0,-0.0061,2026-03-24
XRP,xrp,1.41,86495386906,3552396910.0,1.30416,2026-03-24
BNB,bnb,627.71,85611469225,1671323499.0,-0.45318,2026-03-24
USDC,usdc,0.999822,78643724880,7284554115.0,-0.01142,2026-03-24
Solana,sol,90.08,51525192905,5324309654.0,3.36741,2026-03-24
TRON,trx,0.310255,29394811727,625518312.0,0.41223,2026-03-24
Figure Heloc,figr_heloc,1.029,16307825819,18948526.0,1.04341,2026-03-24
Dogecoin,doge,0.093495,14350597239,1619400021.0,2.73995,2026-03-24
USDS,usds,0.999921,11613281639,10918563.0,0.00242,2026-03-24
WhiteBIT Coin,wbt,54.34,11600046834,129176229.0,0.76547,2026-03-24
Cardano,ada,0.260511,9595640030,642597756.0,3.20938,2026-03-24
Bitcoin Cash,bch,472.74,9460144092,245769594.0,0.92065,2026-03-24
Hyperliquid,hype,38.08,9077445005,459555653.0,-0.52798,2026-03-24
LEO Token,leo,9.42,8676460859,611592.0,1.30987,2026-03-24
Chainlink,link,9.07,6421308341,606293392.0,3.50143,2026-03-24
Monero,xmr,347.31,6408205485,125769422.0,-3.36928,2026-03-24
Ethena USDe,usde,0.999102,5915788323,92927295.0,-0.02625,2026-03-24
Canton,cc,0.147159,5607128511,9624313.0,1.09256,2026-03-24
Stellar,xlm,0.164338,5423913525,129336427.0,3.52782,2026-03-24
USD1,usd1,0.999604,4444210064,1337500374.0,0.01077,2026-03-24
Dai,dai,0.999867,4311800430,167236627.0,-0.02562,2026-03-24
Litecoin,ltc,55.36,4261168198,430823004.0,2.22499,2026-03-24
Rain,rain,0.00862106,4121273316,28744361.0,2.34776,2026-03-24
Avalanche,avax,9.5,4099072464,405068631.0,3.74823,2026-03-24
PayPal USD,pyusd,1.0,4043379750,101421829.0,0.04052,2026-03-24
Hedera,hbar,0.092636,4011245430,127852596.0,2.40504,2026-03-24
Zcash,zec,225.16,3741415635,384989716.0,0.31613,2026-03-24
Sui,sui,0.93781,3658284447,589786023.0,2.37011,2026-03-24
Shiba Inu,shib,6.07e-06,3569371044,207658964.0,4.54012,2026-03-24
Toncoin,ton,1.33,3271447935,108618314.0,5.23257,2026-03-24
Cronos,cro,0.075621,3197621027,12337032.0,1.95231,2026-03-24
MemeCore,m,1.7,2981873628,9514002.0,-4.65343,2026-03-24
Bittensor,tao,306.79,2941098414,579496250.0,10.23027,2026-03-24
World Liberty Financial,wlfi,0.104498,2889841634,120065348.0,4.71385,2026-03-24
Circle USYC,usyc,1.12,2450977364,2159.66,0.00899,2026-03-24
Tether Gold,xaut,4340.49,2448239028,1684072027.0,-0.85872,2026-03-24
Polkadot,dot,1.41,2365164808,210443360.0,-1.64731,2026-03-24
Mantle,mnt,0.699906,2292576314,87100449.0,-2.14386,2026-03-24
Uniswap,uni,3.56,2251754254,231709385.0,0.62197,2026-03-24
PAX Gold,paxg,4348.2,2199675361,1339960027.0,-0.73631,2026-03-24
BlackRock USD Institutional Digital Liquidity Fund,buidl,1.0,2063172625,0.0,0.0,2026-03-24
Pi Network,pi,0.189126,1860418704,26543079.0,-2.12265,2026-03-24
OKB,okb,84.8,1780998322,28857242.0,-0.0738,2026-03-24
Global Dollar,usdg,1.0,1774785428,48326392.0,0.02774,2026-03-24
Falcon USD,usdf,0.997552,1745323785,1811877.0,0.01797,2026-03-24
NEAR Protocol,near,1.3,1679207744,219589898.0,1.17517,2026-03-24
Aave,aave,108.98,1654106133,347616962.0,0.94502,2026-03-24
Sky,sky,0.07137,1646765449,20396266.0,4.31557,2026-03-24
Bitcoin,btc,71127.0,1422702737739,41502939690.0,1.37558,2026-03-25
Ethereum,eth,2170.68,262008945304,17483024949.0,1.88464,2026-03-25
Tether,usdt,0.999602,184153676710,68511638824.0,-0.00621,2026-03-25
BNB,bnb,644.33,87859856538,969878947.0,2.66039,2026-03-25
XRP,xrp,1.42,87101718163,2104751707.0,0.62018,2026-03-25
USDC,usdc,0.999904,78659670030,3944450189.0,0.00029,2026-03-25
Solana,sol,92.41,52921316413,4177907012.0,2.5956,2026-03-25
TRON,trx,0.306856,29075969330,472939435.0,-1.06837,2026-03-25
Figure Heloc,figr_heloc,1.033,16661675754,42955044.0,0.4101,2026-03-25
Dogecoin,doge,0.096248,14788465017,1115820810.0,2.92756,2026-03-25
WhiteBIT Coin,wbt,55.05,11749416771,77478321.0,1.33117,2026-03-25
USDS,usds,0.99972,11640863057,11402131.0,-0.02072,2026-03-25
Cardano,ada,0.268265,9886728691,441119085.0,2.93678,2026-03-25
Bitcoin Cash,bch,478.32,9579917248,219225818.0,1.16893,2026-03-25
Hyperliquid,hype,40.19,9578286988,336487141.0,5.53577,2026-03-25
LEO Token,leo,9.46,8716511744,454004.0,0.45405,2026-03-25
Chainlink,link,9.29,6577496557,370211128.0,2.41001,2026-03-25
Monero,xmr,337.73,6229443338,105659054.0,-2.65138,2026-03-25
Ethena USDe,usde,0.999404,5916296316,82023377.0,0.02088,2026-03-25
Stellar,xlm,0.17769,5866694028,152496041.0,8.13941,2026-03-25
Canton,cc,0.141025,5370557749,9592446.0,-4.13087,2026-03-25
USD1,usd1,0.999388,4420477486,1245558360.0,0.02499,2026-03-25
Litecoin,ltc,56.44,4346176179,338810713.0,1.92706,2026-03-25
Dai,dai,0.999985,4299223360,146583949.0,0.0118,2026-03-25
Avalanche,avax,9.65,4167257934,241516072.0,1.48886,2026-03-25
Rain,rain,0.00861134,4118349166,31150143.0,-0.07482,2026-03-25
Hedera,hbar,0.094778,4104503375,84513397.0,2.32434,2026-03-25
PayPal USD,pyusd,1.0,4003696855,93464643.0,0.01437,2026-03-25
Zcash,zec,238.29,3960697179,377294386.0,5.79998,2026-03-25
Sui,sui,0.953183,3717731016,375219789.0,1.63859,2026-03-25
Shiba Inu,shib,6.16e-06,3635681549,142999943.0,1.48521,2026-03-25
Toncoin,ton,1.33,3267948987,93873867.0,-0.39491,2026-03-25
Bittensor,tao,335.64,3221334847,870073827.0,9.33417,2026-03-25
Cronos,cro,0.075262,3184478323,10187023.0,-0.44443,2026-03-25
MemeCore,m,1.71,2987931873,13859814.0,0.21561,2026-03-25
World Liberty Financial,wlfi,0.101249,2914403724,96987778.0,-3.10103,2026-03-25
Tether Gold,xaut,4550.98,2570732410,705094425.0,4.85904,2026-03-25
Circle USYC,usyc,1.12,2451047959,2159.66,,2026-03-25
Mantle,mnt,0.717806,2352422000,38922938.0,2.53954,2026-03-25
PAX Gold,paxg,4559.45,2343062652,514532600.0,4.9432,2026-03-25
Polkadot,dot,1.39,2336555506,204700235.0,-1.40907,2026-03-25
Uniswap,uni,3.63,2296821558,158950592.0,1.90612,2026-03-25
BlackRock USD Institutional Digital Liquidity Fund,buidl,1.0,2087615917,0.0,0.0,2026-03-25
Pi Network,pi,0.188825,1862264909,16494770.0,-0.17764,2026-03-25
OKB,okb,86.74,1821605960,20876589.0,2.26385,2026-03-25
Global Dollar,usdg,0.999908,1784780209,38762659.0,-0.00395,2026-03-25
Falcon USD,usdf,0.998218,1747519157,1270757.0,0.0917,2026-03-25
Aave,aave,112.62,1711320099,269547193.0,3.39111,2026-03-25
NEAR Protocol,near,1.29,1663369491,139237470.0,-1.06023,2026-03-25
Sky,sky,0.071931,1660543220,12263011.0,0.89503,2026-03-25
Bitcoin,btc,70496.0,1409969058936,35402481302.0,-0.97514,2026-03-26
Ethereum,eth,2141.0,258364702730,16285261152.0,-1.43011,2026-03-26
Tether,usdt,0.999502,184123691062,60489767026.0,-0.00452,2026-03-26
BNB,bnb,639.01,87115266040,1001964501.0,-0.78872,2026-03-26
XRP,xrp,1.4,85644120488,1829682464.0,-1.70203,2026-03-26
USDC,usdc,0.999904,78654976986,4060251271.0,0.00766,2026-03-26
Solana,sol,89.98,51492894627,3365223296.0,-2.77993,2026-03-26
TRON,trx,0.315813,29925261555,478195278.0,2.82966,2026-03-26
Figure Heloc,figr_heloc,1.024,16544238058,27941743.0,-0.92053,2026-03-26
Dogecoin,doge,0.093777,14401402316,1093475347.0,-2.6326,2026-03-26
USDS,usds,1.0,11676600170,11869982.0,0.03132,2026-03-26
WhiteBIT Coin,wbt,54.31,11589653492,52373926.0,-1.38597,2026-03-26
Cardano,ada,0.264533,9748581330,441878801.0,-1.42337,2026-03-26
Bitcoin Cash,bch,468.61,9378052256,183000547.0,-2.05602,2026-03-26
Hyperliquid,hype,39.08,9319173376,269344140.0,-2.84213,2026-03-26
LEO Token,leo,9.53,8773660738,674947.0,0.5593,2026-03-26
Chainlink,link,9.18,6501018207,342245702.0,-1.32343,2026-03-26
Monero,xmr,337.94,6233915434,109906592.0,0.01864,2026-03-26
Ethena USDe,usde,0.999045,5915002229,72202517.0,-0.04675,2026-03-26
Stellar,xlm,0.174254,5755798552,148752107.0,-1.98846,2026-03-26
Canton,cc,0.141053,5381293136,12510445.0,-0.23319,2026-03-26
USD1,usd1,0.999465,4425165225,1026917844.0,0.01441,2026-03-26
Dai,dai,0.999981,4299384596,147593766.0,0.01348,2026-03-26
Litecoin,ltc,55.63,4282441035,332121192.0,-1.42864,2026-03-26
MemeCore,m,2.43,4260274887,28893255.0,42.48957,2026-03-26
Rain,rain,0.00864802,4135115477,45438159.0,-0.14935,2026-03-26
Avalanche,avax,9.51,4104875668,225685123.0,-1.43273,2026-03-26
Hedera,hbar,0.092944,4024894705,89370398.0,-1.84607,2026-03-26
PayPal USD,pyusd,1.0,3955648947,78458693.0,0.02487,2026-03-26
Zcash,zec,228.67,3802041794,336441618.0,-4.37117,2026-03-26
Sui,sui,0.946053,3689435387,329099587.0,-0.92291,2026-03-26
Shiba Inu,shib,6.01e-06,3543095436,115796595.0,-2.70273,2026-03-26
Bittensor,tao,343.74,3304728392,1004606309.0,1.43382,2026-03-26
Toncoin,ton,1.31,3221301205,75000804.0,-1.34522,2026-03-26
Cronos,cro,0.074501,3151430142,8647362.0,-1.02715,2026-03-26
World Liberty Financial,wlfi,0.100036,2876193473,62545455.0,-1.0652,2026-03-26
Tether Gold,xaut,4484.1,2509327928,627958978.0,-1.36328,2026-03-26
Circle USYC,usyc,1.12,2451069442,2159.66,,2026-03-26
Mantle,mnt,0.719469,2358118978,49212123.0,0.08513,2026-03-26
Uniswap,uni,3.65,2310363238,225440918.0,0.20021,2026-03-26
PAX Gold,paxg,4490.88,2308835391,369158593.0,-1.39706,2026-03-26
Polkadot,dot,1.33,2228671582,204008201.0,-4.63047,2026-03-26
BlackRock USD Institutional Digital Liquidity Fund,buidl,1.0,2112550212,0.0,0.0,2026-03-26
Pi Network,pi,0.188566,1861686033,17082556.0,0.13014,2026-03-26
Global Dollar,usdg,0.999772,1796741428,42616234.0,-0.008,2026-03-26
OKB,okb,85.42,1793841457,16228162.0,-1.49636,2026-03-26
Falcon USD,usdf,0.998988,1747437735,858992.0,0.07913,2026-03-26
Sky,sky,0.073093,1685382675,19186790.0,-0.14425,2026-03-26
Aave,aave,109.44,1661871336,311333159.0,-2.80388,2026-03-26
Aster,aster,0.661323,1624681471,125112798.0,-1.98392,2026-03-26
Bitcoin,btc,68548.0,1371246046977,48380765412.0,-2.65289,2026-03-27
Ethereum,eth,2057.59,248448187769,18173982627.0,-3.78153,2026-03-27
Tether,usdt,0.999364,184099319961,77960636834.0,-0.01203,2026-03-27
BNB,bnb,626.89,85522363220,907683067.0,-1.82197,2026-03-27
XRP,xrp,1.36,83513574187,2620747337.0,-2.41179,2026-03-27
USDC,usdc,0.9998,78046025966,5049711998.0,-0.00143,2026-03-27
Solana,sol,86.04,49278890703,4029910137.0,-4.31177,2026-03-27
TRON,trx,0.314336,29794285160,548644341.0,-0.44576,2026-03-27
Figure Heloc,figr_heloc,1.018,16497730041,25689127.0,-0.55678,2026-03-27
Dogecoin,doge,0.091904,14114335242,1130379066.0,-2.02365,2026-03-27
USDS,usds,0.999763,11493553003,49907310.0,-0.04244,2026-03-27
WhiteBIT Coin,wbt,52.66,11234214630,51028277.0,-3.01451,2026-03-27
Cardano,ada,0.253718,9358180464,469442194.0,-3.98767,2026-03-27
Bitcoin Cash,bch,464.89,9300731260,218400322.0,-0.78792,2026-03-27
Hyperliquid,hype,38.82,9253448480,226705306.0,-0.69304,2026-03-27
LEO Token,leo,9.55,8797767799,438247.0,0.23598,2026-03-27
Chainlink,link,8.9,6302374402,380116180.0,-3.01185,2026-03-27
Monero,xmr,330.09,6085574441,85705292.0,-2.31288,2026-03-27
Ethena USDe,usde,0.999026,5920607508,94192088.0,0.00855,2026-03-27
Stellar,xlm,0.174764,5773870125,114975746.0,0.31883,2026-03-27
Canton,cc,0.146106,5573732554,11925674.0,3.55752,2026-03-27
USD1,usd1,0.999217,4409270163,1170214119.0,-0.0225,2026-03-27
Dai,dai,0.999822,4318280213,150125851.0,-0.0175,2026-03-27
Litecoin,ltc,54.9,4228479139,378723139.0,-1.29892,2026-03-27
Hedera,hbar,0.091132,3947695584,69220085.0,-1.95035,2026-03-27
Avalanche,avax,9.06,3911915116,267499726.0,-4.69069,2026-03-27
PayPal USD,pyusd,0.999778,3905547264,112130429.0,-0.04905,2026-03-27
MemeCore,m,2.2,3854678368,17609071.0,-9.64063,2026-03-27
Zcash,zec,223.35,3712522411,246200087.0,-2.36002,2026-03-27
Sui,sui,0.925035,3608199924,376067885.0,-2.13253,2026-03-27
Rain,rain,0.00751765,3593994122,36004784.0,-13.07532,2026-03-27
Shiba Inu,shib,5.89e-06,3472196744,101041426.0,-1.97219,2026-03-27
Bittensor,tao,333.1,3196108704,558464100.0,-2.5246,2026-03-27
Cronos,cro,0.073658,3115470550,8279814.0,-1.13134,2026-03-27
Toncoin,ton,1.24,3060928711,82067925.0,-5.0222,2026-03-27
World Liberty Financial,wlfi,0.09814,2822707023,57843971.0,-1.77055,2026-03-27
Circle USYC,usyc,1.12,2625867720,2159.66,,2026-03-27
Tether Gold,xaut,4461.81,2497027677,785537773.0,-0.48977,2026-03-27
PAX Gold,paxg,4467.03,2294806993,365789406.0,-0.5147,2026-03-27
Mantle,mnt,0.698154,2288139924,35756569.0,-2.95183,2026-03-27
Uniswap,uni,3.52,2228055752,178313021.0,-3.58399,2026-03-27
Polkadot,dot,1.32,2212432955,189887119.0,-0.74025,2026-03-27
BlackRock USD Institutional Digital Liquidity Fund,buidl,1.0,2133529282,0.0,0.0,2026-03-27
Global Dollar,usdg,0.999828,1796902076,43578116.0,0.00758,2026-03-27
OKB,okb,84.95,1784062828,13867897.0,-0.46984,2026-03-27
Pi Network,pi,0.179303,1776988833,20815261.0,-4.87606,2026-03-27
Falcon USD,usdf,0.998215,1747341666,1032536.0,-0.00868,2026-03-27
Aster,aster,0.66915,1643812833,117993593.0,1.16723,2026-03-27
Sky,sky,0.071031,1640932887,9661322.0,-2.67326,2026-03-27
Aave,aave,105.72,1605522105,274102095.0,-3.3944,2026-03-27
Bitcoin,btc,66190.0,1324096953125,47324440503.0,-3.59466,2026-03-28
Ethereum,eth,1988.53,239947167450,18454552159.0,-3.41922,2026-03-28
Tether,usdt,0.999316,184088769467,73235619898.0,-0.00463,2026-03-28
BNB,bnb,610.54,83251356066,1051430400.0,-2.84903,2026-03-28
XRP,xrp,1.33,81612278116,2339382593.0,-2.59002,2026-03-28
USDC,usdc,0.999729,77755444599,5042412938.0,-0.00664,2026-03-28
Solana,sol,82.43,47179978204,3378176347.0,-4.67302,2026-03-28
TRON,trx,0.310041,29379208350,745046893.0,-1.54495,2026-03-28
Figure Heloc,figr_heloc,1.032,16745669636,64902204.0,1.30302,2026-03-28
Dogecoin,doge,0.089819,13793696819,861176653.0,-2.57001,2026-03-28
USDS,usds,0.999775,11433273880,34695643.0,0.00038,2026-03-28
WhiteBIT Coin,wbt,51.25,10938789746,63262975.0,-2.90502,2026-03-28
Bitcoin Cash,bch,472.42,9454706111,414503955.0,1.81554,2026-03-28
Hyperliquid,hype,38.33,9142177538,226186017.0,-1.42193,2026-03-28
Cardano,ada,0.244788,9020688039,539474195.0,-4.07313,2026-03-28
LEO Token,leo,9.57,8812625440,439110.0,0.20336,2026-03-28
Chainlink,link,8.52,6031002612,342715129.0,-4.53085,2026-03-28
Monero,xmr,322.19,5944570764,80770189.0,-2.23647,2026-03-28
Ethena USDe,usde,0.999126,5903631435,120893887.0,0.00281,2026-03-28
Stellar,xlm,0.164563,5436540408,99805990.0,-5.99895,2026-03-28
Canton,cc,0.141022,5381511700,9617054.0,-3.94247,2026-03-28
USD1,usd1,0.99962,4400561171,1352410343.0,0.02308,2026-03-28
Dai,dai,0.999721,4305538400,455728186.0,-0.0094,2026-03-28
Litecoin,ltc,53.6,4126722030,388608896.0,-2.66554,2026-03-28
Rain,rain,0.00816292,3904545636,30538840.0,8.665,2026-03-28
PayPal USD,pyusd,0.999695,3878294500,97010940.0,-0.02415,2026-03-28
Hedera,hbar,0.088946,3851609271,69767078.0,-2.77637,2026-03-28
MemeCore,m,2.17,3805285210,12471835.0,-1.60808,2026-03-28
Avalanche,avax,8.73,3770760046,295760836.0,-3.69991,2026-03-28
Zcash,zec,212.94,3539853054,223770768.0,-5.04873,2026-03-28
Sui,sui,0.87486,3411117302,337382406.0,-5.76239,2026-03-28
Shiba Inu,shib,5.73e-06,3373960389,111996170.0,-3.22315,2026-03-28
Bittensor,tao,318.64,3056408862,518025149.0,-4.56477,2026-03-28
Cronos,cro,0.071281,3015602857,17496264.0,-3.17607,2026-03-28
Toncoin,ton,1.22,3010213096,93665640.0,-1.75002,2026-03-28
World Liberty Financial,wlfi,0.096858,2787008681,84571223.0,-1.56337,2026-03-28
Circle USYC,usyc,1.12,2626593159,223858.0,-0.00247,2026-03-28
Tether Gold,xaut,4489.3,2512203974,486757700.0,1.09226,2026-03-28
PAX Gold,paxg,4498.97,2313045353,278581425.0,1.15041,2026-03-28
Mantle,mnt,0.671088,2198814285,35258131.0,-3.90696,2026-03-28
BlackRock USD Institutional Digital Liquidity Fund,buidl,1.0,2169130946,0.0,0.0,2026-03-28
Polkadot,dot,1.29,2156251046,306915007.0,-2.59174,2026-03-28
Uniswap,uni,3.37,2133688550,178721398.0,-4.57563,2026-03-28
Global Dollar,usdg,0.999827,1798908858,34650691.0,-0.00396,2026-03-28
Falcon USD,usdf,0.997527,1746465183,949784.0,-0.06536,2026-03-28
Pi Network,pi,0.175703,1745187849,22476481.0,-2.15087,2026-03-28
OKB,okb,82.75,1737687535,17699443.0,-2.5593,2026-03-28
Aster,aster,0.660678,1622530637,107220889.0,-1.60916,2026-03-28
Sky,sky,0.070153,1620481596,8419243.0,-1.21497,2026-03-28
HTX DAO,htx,1.7e-06,1555374020,15241534.0,-1.02195,2026-03-28
Bitcoin,btc,66622.0,1332863711961,23777909338.0,0.56806,2026-03-29
Ethereum,eth,2000.41,241432222609,8344569229.0,0.47062,2026-03-29
Tether,usdt,0.999237,184074252792,38104715785.0,-0.00705,2026-03-29
BNB,bnb,612.7,83525320853,670653493.0,0.24802,2026-03-29
XRP,xrp,1.33,81629755032,1201736646.0,-0.55737,2026-03-29
USDC,usdc,0.999741,77737992924,3797172850.0,0.00073,2026-03-29
Solana,sol,82.57,47265818197,2083972233.0,0.01273,2026-03-29
TRON,trx,0.315883,29925887803,506443486.0,1.83171,2026-03-29
Figure Heloc,figr_heloc,1.019,16564598468,1400009.0,-1.13779,2026-03-29
Dogecoin,doge,0.090907,13963619984,1003366292.0,0.88881,2026-03-29
USDS,usds,0.999715,11478195436,25324261.0,-0.0121,2026-03-29
WhiteBIT Coin,wbt,51.49,10989638628,27546582.0,0.35809,2026-03-29
Bitcoin Cash,bch,482.95,9662866184,259847836.0,1.9296,2026-03-29
Hyperliquid,hype,39.69,9464157683,170313970.0,3.02375,2026-03-29
Cardano,ada,0.244678,9015037675,424090242.0,-0.28364,2026-03-29
LEO Token,leo,9.64,8872910761,738766.0,0.7383,2026-03-29
Chainlink,link,8.51,6024556707,263553432.0,-0.26759,2026-03-29
Monero,xmr,326.48,6023756982,63857568.0,1.16968,2026-03-29
Canton,cc,0.15486,5910767590,13588731.0,9.07894,2026-03-29
Ethena USDe,usde,0.999018,5883660020,47279796.0,-0.00514,2026-03-29
Stellar,xlm,0.167937,5548476160,99646485.0,1.51591,2026-03-29
USD1,usd1,0.999441,4394172062,600421219.0,0.00281,2026-03-29
Dai,dai,0.999958,4297634643,411218454.0,0.03702,2026-03-29
Litecoin,ltc,54.07,4162638228,326613927.0,0.72463,2026-03-29
Hedera,hbar,0.089553,3878164622,49238557.0,0.26494,2026-03-29
MemeCore,m,2.21,3877282972,10592146.0,1.03104,2026-03-29
PayPal USD,pyusd,0.999597,3868407625,55979519.0,-0.03597,2026-03-29
Rain,rain,0.00806941,3859556875,33859049.0,-0.78074,2026-03-29
Avalanche,avax,8.75,3777935482,233722550.0,-0.11266,2026-03-29
Zcash,zec,217.07,3609827056,180614396.0,1.9645,2026-03-29
Shiba Inu,shib,5.82e-06,3431543393,93963922.0,1.48269,2026-03-29
Sui,sui,0.865375,3374852092,309617318.0,-1.18135,2026-03-29
Bittensor,tao,321.14,3083384864,276530866.0,1.49763,2026-03-29
Toncoin,ton,1.24,3045848283,55884357.0,0.8183,2026-03-29
Cronos,cro,0.071309,3017663654,15021822.0,0.00673,2026-03-29
World Liberty Financial,wlfi,0.097545,2803770280,48323492.0,0.78048,2026-03-29
Circle USYC,usyc,1.12,2626593159,223858.0,,2026-03-29
Tether Gold,xaut,4484.47,2509498377,177612462.0,-0.17695,2026-03-29
PAX Gold,paxg,4494.67,2310771773,102684002.0,-0.15649,2026-03-29
Mantle,mnt,0.673839,2208843270,24974330.0,0.14936,2026-03-29
BlackRock USD Institutional Digital Liquidity Fund,buidl,1.0,2169130946,0.0,0.0,2026-03-29
Uniswap,uni,3.39,2147727397,119614102.0,0.35981,2026-03-29
Polkadot,dot,1.27,2121325951,263480512.0,-1.71638,2026-03-29
Pi Network,pi,0.181282,1806795847,18015272.0,2.96353,2026-03-29
Global Dollar,usdg,0.999788,1806334277,27282381.0,-0.00662,2026-03-29
OKB,okb,85.3,1793658231,13301179.0,3.18307,2026-03-29
Falcon USD,usdf,0.997491,1745831684,530584.0,-0.00253,2026-03-29
Aster,aster,0.658685,1618472116,48116777.0,-0.36647,2026-03-29
Sky,sky,0.069921,1615114640,8867868.0,-0.01637,2026-03-29
HTX DAO,htx,1.71e-06,1568121924,13960486.0,0.84781,2026-03-29
Bitcoin,btc,67463.0,1350036499253,29592865481.0,1.08163,2026-03-30
Ethereum,eth,2046.96,247104545293,12468498205.0,2.11237,2026-03-30
Tether,usdt,0.999109,184050568431,46313885204.0,-0.01198,2026-03-30
BNB,bnb,616.57,84076699997,804984935.0,0.52127,2026-03-30
XRP,xrp,1.35,83011728165,1738134313.0,1.7655,2026-03-30
USDC,usdc,0.999816,77588409299,3411460594.0,0.00892,2026-03-30
Solana,sol,83.6,47860193141,2673917479.0,1.12219,2026-03-30
TRON,trx,0.32299,30605931362,643984308.0,2.20724,2026-03-30
Figure Heloc,figr_heloc,1.019,16560848759,1400009.0,,2026-03-30
Dogecoin,doge,0.093094,14305144131,937320669.0,2.28675,2026-03-30
USDS,usds,0.999651,11631968689,12062517.0,-0.00248,2026-03-30
WhiteBIT Coin,wbt,52.0,11097308119,53179624.0,0.98081,2026-03-30
Hyperliquid,hype,38.3,9132734891,179860590.0,-3.82906,2026-03-30
Bitcoin Cash,bch,455.07,9108684872,416186256.0,-5.85426,2026-03-30
Cardano,ada,0.24651,9084077370,441128721.0,0.58969,2026-03-30
LEO Token,leo,9.7,8930025075,557897.0,0.55608,2026-03-30
Monero,xmr,333.09,6144450144,70041139.0,1.98114,2026-03-30
Chainlink,link,8.67,6140032629,268370546.0,1.80935,2026-03-30
Ethena USDe,usde,0.998911,5882793367,86043864.0,-0.00557,2026-03-30
Canton,cc,0.153758,5870781416,6794714.0,-0.80377,2026-03-30
Stellar,xlm,0.168745,5573714833,91584376.0,0.36492,2026-03-30
USD1,usd1,0.999561,4396815021,854914404.0,0.03984,2026-03-30
Dai,dai,0.999675,4332674785,257507059.0,-0.01582,2026-03-30
Litecoin,ltc,54.08,4165340614,287808340.0,-0.11793,2026-03-30
MemeCore,m,2.34,4102139784,16787309.0,5.72331,2026-03-30
PayPal USD,pyusd,0.999898,3991508748,51412338.0,0.01236,2026-03-30
Rain,rain,0.00814637,3894929640,33721978.0,1.32867,2026-03-30
Hedera,hbar,0.089701,3884161851,57313956.0,0.09717,2026-03-30
Avalanche,avax,8.83,3812470537,219149449.0,0.82977,2026-03-30
Zcash,zec,224.26,3729379062,194400316.0,3.11179,2026-03-30
Shiba Inu,shib,6.02e-06,3544704846,91344962.0,3.27306,2026-03-30
Sui,sui,0.871214,3398072991,330609343.0,0.56379,2026-03-30
Bittensor,tao,320.23,3073408065,308984508.0,-0.53477,2026-03-30
Toncoin,ton,1.24,3058085188,61343678.0,0.25529,2026-03-30
Cronos,cro,0.071336,3018316659,14355490.0,-0.11455,2026-03-30
World Liberty Financial,wlfi,0.099081,2853450063,41662913.0,1.22234,2026-03-30
Circle USYC,usyc,1.12,2626593159,223858.0,,2026-03-30
Tether Gold,xaut,4515.73,2527100714,390993452.0,0.68602,2026-03-30
PAX Gold,paxg,4526.25,2327029287,222957826.0,0.71169,2026-03-30
Mantle,mnt,0.682781,2239662352,31222752.0,1.32192,2026-03-30
Uniswap,uni,3.48,2201963121,125307412.0,2.49124,2026-03-30
BlackRock USD Institutional Digital Liquidity Fund,buidl,1.0,2169130946,0.0,0.0,2026-03-30
Polkadot,dot,1.26,2120635386,152420933.0,-0.25108,2026-03-30
Global Dollar,usdg,0.999951,1806692550,19152989.0,0.00891,2026-03-30
OKB,okb,84.86,1782035504,15806493.0,-0.40026,2026-03-30
Pi Network,pi,0.177726,1770812803,14830838.0,-2.07151,2026-03-30
Falcon USD,usdf,0.998047,1746935527,790578.0,0.00065,2026-03-30
Sky,sky,0.073282,1692546844,9897702.0,4.61434,2026-03-30
Aster,aster,0.66676,1637742999,52220213.0,1.16754,2026-03-30
HTX DAO,htx,1.73e-06,1588801496,15229501.0,1.25598,2026-03-30
Bitcoin,btc,67593.0,1353241003382,42035415225.0,0.28565,2026-03-31
Ethereum,eth,2062.13,249057568289,16345015410.0,0.73887,2026-03-31
Tether,usdt,0.999128,184065758274,64557192393.0,-0.00807,2026-03-31
BNB,bnb,612.22,83506564444,894454225.0,-0.61879,2026-03-31
XRP,xrp,1.32,81114503366,1864767176.0,-2.34002,2026-03-31
USDC,usdc,0.999612,77331355824,7182237893.0,-0.02035,2026-03-31
Solana,sol,83.27,47683806529,3248237093.0,-0.44453,2026-03-31
TRON,trx,0.320823,30400254931,620311411.0,-0.43642,2026-03-31
Figure Heloc,figr_heloc,1.012,16454382242,925082732.0,1.23627,2026-03-31
Dogecoin,doge,0.091197,14027011976,1069081750.0,-2.23765,2026-03-31
USDS,usds,0.999612,11845579909,79325708.0,-0.01225,2026-03-31
WhiteBIT Coin,wbt,51.99,11091324120,60404026.0,-0.10407,2026-03-31
Bitcoin Cash,bch,467.64,9349960202,222290708.0,2.54783,2026-03-31
Cardano,ada,0.243904,8995742548,370284308.0,-1.00586,2026-03-31
LEO Token,leo,9.75,8979931560,468732.0,0.61048,2026-03-31
Hyperliquid,hype,37.06,8834657863,219907540.0,-3.66032,2026-03-31
Chainlink,link,8.74,6187174224,314282407.0,0.75275,2026-03-31
Monero,xmr,328.93,6070223954,86739219.0,-1.61158,2026-03-31
Ethena USDe,usde,0.998957,5878305945,116396721.0,-0.00606,2026-03-31
Canton,cc,0.14771,5646324496,7646520.0,-3.83855,2026-03-31
Stellar,xlm,0.167749,5543476934,92393466.0,-0.59097,2026-03-31
USD1,usd1,0.999702,4391634460,1223766092.0,0.0264,2026-03-31
Dai,dai,0.999952,4352810687,177495807.0,0.02623,2026-03-31
Litecoin,ltc,53.72,4137752768,373032411.0,-0.71171,2026-03-31
MemeCore,m,2.32,4057596358,13999359.0,-0.38771,2026-03-31
PayPal USD,pyusd,0.999886,3902045708,153475049.0,0.00105,2026-03-31
Avalanche,avax,8.93,3854458500,188481812.0,1.12104,2026-03-31
Zcash,zec,229.86,3822718277,300089096.0,2.30219,2026-03-31
Hedera,hbar,0.086537,3746303073,60643518.0,-3.55697,2026-03-31
Rain,rain,0.00739022,3535075650,34607063.0,-9.09181,2026-03-31
Shiba Inu,shib,5.91e-06,3483564940,126435640.0,-1.76428,2026-03-31
Sui,sui,0.870323,3392343669,305020634.0,-0.24809,2026-03-31
Toncoin,ton,1.23,3025712457,75146823.0,-0.97557,2026-03-31
Cronos,cro,0.070329,2975617182,9464020.0,-1.31223,2026-03-31
Bittensor,tao,307.94,2957545139,314912906.0,-3.79338,2026-03-31
World Liberty Financial,wlfi,0.099428,2859980579,39830242.0,-0.00287,2026-03-31
Circle USYC,usyc,1.12,2676552713,223858.0,,2026-03-31
Tether Gold,xaut,4560.38,2552019378,466194451.0,1.2953,2026-03-31
PAX Gold,paxg,4568.92,2348772865,291522359.0,1.26061,2026-03-31
Mantle,mnt,0.692955,2272717420,32254493.0,1.40147,2026-03-31
Uniswap,uni,3.52,2227953576,138566396.0,0.94054,2026-03-31
BlackRock USD Institutional Digital Liquidity Fund,buidl,1.0,2226796210,0.0,0.0,2026-03-31
Polkadot,dot,1.25,2090910022,109595381.0,-1.65935,2026-03-31
Global Dollar,usdg,1.0,1811310724,66205672.0,0.0385,2026-03-31
OKB,okb,84.28,1770084143,13105480.0,-0.78568,2026-03-31
Pi Network,pi,0.175658,1749962407,14521164.0,-1.38863,2026-03-31
Falcon USD,usdf,0.997981,1746567996,1260544.0,0.05846,2026-03-31
Sky,sky,0.074563,1716756126,65604095.0,1.76832,2026-03-31
Aster,aster,0.675497,1659136564,106350799.0,1.24424,2026-03-31
HTX DAO,htx,1.72e-06,1578018915,14253025.0,-0.57566,2026-03-31
