name,symbol,current_price,market_cap,total_volume,price_change_percentage_24h
Bitcoin,btc,82433.0,1657036458239,33655167662.0,-1.62042
Ethereum,eth,2537.81,309939038911,14273582819.0,-1.63466
Tether,usdt,0.999447,183986692110,67213957560.0,-0.03751
BNB,bnb,762.78,101621659278,724898128.0,-0.6502
XRP,xrp,1.4,88116831249,2385255983.0,-3.80416
USDC,usdc,0.999651,73563543398,23623991843.0,-0.02388
Solana,sol,113.68,67017425650,3011474054.0,-3.40245
TRON,trx,0.335436,31866500145,378366616.0,0.68918
Figure Heloc,figr_heloc,1.018,24052184455,50755470.0,
Zcash,zec,1200.39,20352250924,902099945.0,-7.87877
Hyperliquid,hype,86.0,19123954878,725125306.0,-3.96988
Dogecoin,doge,0.087057,13604762651,901354635.0,-2.60242
Monero,xmr,552.07,10395128181,107200353.0,-0.56626
USDS,usds,0.998985,10202094294,306543476.0,-0.00345
WhiteBIT Coin,wbt,81.93,9734620461,93445388.0,-1.64588
Chainlink,link,13.01,9734048525,334668882.0,-3.59231
Cardano,ada,0.250122,9395253494,462569172.0,-1.68316
LEO Token,leo,8.9,8184084759,176067.0,0.24145
Rain,rain,0.01069704,7590319411,13180779.0,-3.7399
Stellar,xlm,0.198344,6949360312,184322434.0,-2.72117
NEAR Protocol,near,5.13,6709759714,1281299667.0,1.77559
Bitcoin Cash,bch,293.94,5910481457,165529127.0,-3.30457
Litecoin,ltc,64.08,4978773556,348319349.0,-4.80711
Ethena USDe,usde,0.999465,4860603375,32580327.0,0.00752
Uniswap,uni,7.72,4822248097,632889995.0,-3.28209
Avalanche,avax,10.71,4748243154,529171139.0,-2.90614
Canton,cc,0.119286,4747284714,11823441.0,0.49876
Sui,sui,1.12,4607369826,600833522.0,-0.64613
Dai,dai,0.99976,4560038821,292440056.0,-0.0158
USD1,usd1,0.998853,4379198521,1133738122.0,-0.05155
Hedera,hbar,0.09455,4160400617,126088147.0,-0.05904
Gram (prev. Toncoin),gram,1.42,3995499785,46091012.0,-3.25342
Bitway,btw,1.38,3729345179,15863235.0,11.00328
Quant,qnt,233.44,3407366480,172161794.0,-4.41683
Tether Gold,xaut,4114.67,3328889197,276280140.0,-0.18292
Global Dollar,usdg,0.999805,3197650309,601430289.0,-0.0141
Shiba Inu,shib,5.39e-06,3178204285,77110465.0,-1.64065
Bittensor,tao,279.48,3166986718,175004246.0,-4.68834
Cronos,cro,0.062264,3086842184,7480446.0,-1.88503
Ethena,ena,0.21794,2921354785,346781579.0,-6.04743
PayPal USD,pyusd,0.999236,2883648240,108285883.0,-0.03389
Pump.fun,pump,0.00578923,2685340526,349166623.0,-11.23588
OKB,okb,126.23,2652491183,49627346.0,-4.92844
Aave,aave,169.2,2615092333,308314245.0,-1.76027
Ripple USD,rlusd,0.999961,2530334634,209801069.0,0.00401
Circle USYC,usyc,1.14,2404071311,0.0,0.00935
MemeCore,m,1.046,2387999166,1377724.0,1.49038
Ondo,ondo,0.48064,2339408236,184278921.0,3.17906
Ondo US Dollar Yield,usdy,1.15,2313324757,3121556.0,-0.01276
BlackRock USD Institutional Digital Liquidity Fund,buidl,1.0,2225466465,0.0,0.0
